{
  "dataset01": {
    "KMeans": {
      "silhouette": 0.5216395622404242,
      "davies_bouldin": 0.6853295219054459,
      "calinski_harabasz": 11786.95462267153,
      "noise_ratio": 0.0,
      "n_clusters": 2,
      "k": 2
    },
    "DBSCAN": {
      "silhouette": 0.5216395622404242,
      "davies_bouldin": 0.6853295219054459,
      "calinski_harabasz": 11786.95462267153,
      "noise_ratio": 0.0,
      "n_clusters": 2
    },
    "best_method": "KMeans(k=2)"
  },
  "dataset02": {
    "KMeans": {
      "silhouette": 0.3068610017701601,
      "davies_bouldin": 1.3234721699867644,
      "calinski_harabasz": 3573.3933329348392,
      "noise_ratio": 0.0,
      "n_clusters": 2,
      "k": 2
    },
    "DBSCAN": {
      "silhouette": 0.3049523469313708,
      "davies_bouldin": 0.6006770767549849,
      "calinski_harabasz": 114.42869204908136,
      "noise_ratio": 0.036375,
      "n_clusters": 5
    },
    "best_method": "KMeans(k=2)"
  },
  "dataset03": {
    "KMeans": {
      "silhouette": 0.31554470037825183,
      "davies_bouldin": 1.1577256320598661,
      "calinski_harabasz": 6957.162639510166,
      "noise_ratio": 0.0,
      "n_clusters": 3,
      "k": 3
    },
    "DBSCAN": {
      "silhouette": 0.14371559638512676,
      "davies_bouldin": 1.3924141318681986,
      "calinski_harabasz": 1642.9394939943343,
      "noise_ratio": 0.03986666666666667,
      "n_clusters": 2
    },
    "best_method": "KMeans(k=3)"
  }
}